Condición,Partidos,PPP,Prom_GF,Prom_GC
Local,100,1.88,1.36,0.79
Visitante,101,1.2178217821782178,1.108910891089109,1.3663366336633664
