Partidos,Goles_Favor,Goles_Contra,PPP,Prom_GF,Prom_GC
201,248,217,1.5472636815920398,1.2338308457711442,1.0796019900497513
